,movie,year,timeMin,imdb,metascore,votes,us_grossMillions
0,Hamilton,2020,160,8.9,90.0,28292,
1,Knives Out,2019,130,7.9,82.0,353175,165.36
2,The Gentlemen,2019,113,7.9,51.0,165935,
3,Once Upon a Time... in Hollywood,2019,161,7.7,83.0,494848,142.5
4,Parasite,2019,132,8.6,96.0,452257,53.37
5,Joker,2019,122,8.5,59.0,832543,335.45
6,Ford v Ferrari,2019,152,8.1,81.0,239381,117.62
7,Avengers: Endgame,2019,181,8.4,78.0,742503,858.37
8,The Shawshank Redemption,1994,142,9.3,80.0,2265930,28.34
9,Inception,2010,148,8.8,74.0,1987835,292.58
10,1917,2019,119,8.3,78.0,348111,159.23
11,Interstellar,2014,169,8.6,74.0,1436306,188.02
12,The Wolf of Wall Street,2013,180,8.2,75.0,1133037,116.9
13,Back to the Future,1985,116,8.5,87.0,1020070,210.61
14,Harry Potter and the Sorcerer's Stone,2001,152,7.6,64.0,621055,317.58
15,The Godfather,1972,175,9.2,100.0,1562940,134.97
16,Titanic,1997,194,7.8,75.0,1019421,659.33
17,Little Women,2019,135,7.9,91.0,116647,108.1
18,The Dark Knight,2008,152,9.0,84.0,2229835,534.86
19,Mad Max: Fury Road,2015,120,8.1,90.0,850852,154.06
20,Moana,2016,107,7.6,81.0,258276,248.76
21,Stand by Me,1986,89,8.1,75.0,353839,52.29
22,The Shining,1980,146,8.4,66.0,863343,44.02
23,Jojo Rabbit,2019,108,7.9,58.0,239485,0.35
24,Gladiator,2000,155,8.5,67.0,1301317,187.71
25,Pulp Fiction,1994,154,8.9,94.0,1771642,107.93
26,Jaws,1975,124,8.0,87.0,533573,260.0
27,The Silence of the Lambs,1991,118,8.6,85.0,1226989,130.74
28,Schindler's List,1993,195,8.9,94.0,1176838,96.9
29,The Princess Bride,1987,98,8.1,77.0,383202,30.86
30,The Green Mile,1999,189,8.6,61.0,1105780,136.8
31,The Lord of the Rings: The Fellowship of the Ring,2001,178,8.8,92.0,1612712,315.54
32,Deadpool,2016,108,8.0,65.0,878237,363.07
33,Inglourious Basterds,2009,153,8.3,69.0,1222903,120.54
34,Airplane!,1980,88,7.7,78.0,206782,83.4
35,Zodiac,2007,157,7.7,78.0,439498,33.08
36,The Matrix,1999,136,8.7,73.0,1623816,171.48
37,Apocalypse Now,1979,147,8.4,94.0,587577,83.47
38,Jurassic Park,1993,127,8.1,68.0,839346,402.45
39,The Irishman,2019,209,7.9,94.0,299558,
40,Mission: Impossible - Fallout,2018,147,7.7,86.0,278264,220.16
41,Avengers: Infinity War,2018,149,8.4,68.0,788932,678.82
42,Django Unchained,2012,165,8.4,81.0,1310641,162.81
43,Fight Club,1999,139,8.8,66.0,1798709,37.03
44,The Big Lebowski,1998,117,8.1,71.0,708725,17.5
45,Thor: Ragnarok,2017,130,7.9,74.0,559969,315.06
46,Spider-Man: Into the Spider-Verse,2018,117,8.4,87.0,329716,190.24
47,The Prestige,2006,130,8.5,66.0,1147900,53.09
48,The Truman Show,1998,103,8.1,90.0,904664,125.62
49,Se7en,1995,127,8.6,65.0,1394033,100.13
50,Blade Runner 2049,2017,164,8.0,81.0,436823,92.05
51,Forrest Gump,1994,142,8.8,82.0,1745908,330.25
52,Marriage Story,2019,137,8.0,94.0,222350,2.0
53,Call Me by Your Name,2017,132,7.9,93.0,196799,18.1
54,The Goonies,1985,114,7.8,62.0,235284,61.5
55,Saving Private Ryan,1998,169,8.6,91.0,1197427,216.54
56,Catch Me If You Can,2002,141,8.1,75.0,794099,164.62
57,No Country for Old Men,2007,122,8.1,91.0,825812,74.28
58,Bohemian Rhapsody,2018,134,8.0,49.0,430215,216.43
59,The Departed,2006,151,8.5,85.0,1153721,132.38
60,Guardians of the Galaxy,2014,121,8.0,76.0,1019298,333.18
61,Léon: The Professional,1994,110,8.5,64.0,1002186,19.5
62,Pirates of the Caribbean: The Curse of the Black Pearl,2003,143,8.0,63.0,998599,305.41
63,The Dark Knight Rises,2012,164,8.4,78.0,1473493,448.14
64,E.T. the Extra-Terrestrial,1982,115,7.8,91.0,360902,435.11
65,Almost Famous,2000,122,7.9,90.0,246430,32.53
66,Once Upon a Time in America,1984,229,8.4,None Given,300427,5.32
67,Scarface,1983,170,8.3,65.0,717241,45.6
68,Star Trek,2009,127,7.9,82.0,570720,257.73
69,Gone Girl,2014,149,8.1,79.0,827877,167.77
70,The Help,2011,146,8.0,62.0,417762,169.71
71,Goodfellas,1990,146,8.7,90.0,985601,46.84
72,X-Men: Days of Future Past,2014,132,8.0,75.0,648329,233.92
73,Alien,1979,117,8.4,89.0,764725,78.9
74,Portrait of a Lady on Fire,2019,122,8.1,95.0,45740,
75,Ferris Bueller's Day Off,1986,103,7.8,61.0,312157,70.14
76,"The Good, the Bad and the Ugly",1966,178,8.8,90.0,668888,6.1
77,Deadpool 2,2018,119,7.7,66.0,456940,324.59
78,Watchmen,2009,162,7.6,56.0,488726,107.51
79,Harry Potter and the Goblet of Fire,2005,157,7.7,81.0,527524,290.01
80,Braveheart,1995,178,8.3,68.0,938404,75.6
81,Good Will Hunting,1997,126,8.3,70.0,832608,138.43
82,Love Actually,2003,135,7.6,55.0,414498,59.7
83,Taxi Driver,1976,114,8.3,94.0,698774,28.26
84,Harry Potter and the Deathly Hallows: Part 2,2011,130,8.1,85.0,739440,381.01
85,Pride & Prejudice,2005,129,7.8,82.0,245472,38.41
86,The Fifth Element,1997,126,7.7,52.0,424308,63.54
87,Requiem for a Dream,2000,102,8.3,68.0,744925,3.64
88,Get Out,2017,104,7.7,85.0,467702,176.04
89,Prisoners,2013,153,8.1,70.0,577037,61.0
90,Raiders of the Lost Ark,1981,115,8.4,85.0,861555,248.16
91,Kingsman: The Secret Service,2014,129,7.7,60.0,577020,128.26
92,A Star Is Born,2018,136,7.7,88.0,314728,215.29
93,Once Upon a Time in the West,1968,165,8.5,80.0,293286,5.32
94,Dazed and Confused,1993,102,7.6,78.0,160322,7.99
95,The Usual Suspects,1995,106,8.5,77.0,964010,23.34
96,Hot Fuzz,2007,121,7.8,81.0,451666,23.64
97,Green Book,2018,130,8.2,69.0,335489,85.08
98,Back to the Future Part II,1989,108,7.8,57.0,464449,118.5
99,Baby Driver,2017,113,7.6,86.0,418342,107.83
100,Dunkirk,2017,106,7.9,94.0,525313,188.37
101,Spirited Away,2001,125,8.6,96.0,621308,10.06
102,Toy Story 4,2019,100,7.8,84.0,186129,434.04
103,The Martian,2015,144,8.0,80.0,736875,228.43
104,Avatar,2009,162,7.8,83.0,1097759,760.51
105,Kill Bill: Vol. 1,2003,111,8.1,69.0,972633,70.1
106,Dr. Strangelove or: How I Learned to Stop Worrying and Love the Bomb,1964,95,8.4,97.0,439105,0.28
107,Star Wars: Episode IV - A New Hope,1977,121,8.6,90.0,1199412,322.74
108,The Lord of the Rings: The Return of the King,2003,201,8.9,94.0,1597218,377.85
109,The Breakfast Club,1985,97,7.9,66.0,346041,45.88
110,American Beauty,1999,122,8.3,84.0,1045043,130.1
111,Stardust,2007,127,7.6,66.0,249092,38.63
112,The Hateful Eight,2015,168,7.8,68.0,495622,54.12
113,Come and See,1985,142,8.3,None Given,52843,
114,Batman Begins,2005,140,8.2,70.0,1271749,206.85
115,Shutter Island,2010,138,8.2,63.0,1089392,128.01
116,A Clockwork Orange,1971,136,8.3,80.0,736816,6.21
117,Memento,2000,113,8.4,80.0,1092776,25.54
118,Ex Machina,2014,108,7.7,78.0,459797,25.44
119,The Avengers,2012,143,8.0,69.0,1237751,623.28
120,The Godfather: Part II,1974,202,9.0,90.0,1092337,57.3
121,Guardians of the Galaxy Vol. 2,2017,136,7.6,67.0,546188,389.81
122,Heat,1995,170,8.2,76.0,559214,67.44
123,Her,2013,126,8.0,90.0,520199,25.57
124,Whiplash,2014,106,8.5,88.0,685657,13.09
125,Tombstone,1993,130,7.8,50.0,122414,56.51
126,La La Land,2016,128,8.0,94.0,484701,151.1
127,Logan,2017,137,8.1,77.0,623223,226.28
128,X-Men: First Class,2011,131,7.7,65.0,635052,146.41
129,Iron Man,2008,126,7.9,79.0,917336,318.41
130,Rogue One: A Star Wars Story,2016,133,7.8,65.0,535792,532.18
131,Psycho,1960,109,8.5,97.0,582886,32.0
132,"Three Billboards Outside Ebbing, Missouri",2017,115,8.2,88.0,406712,54.51
133,12 Angry Men,1957,96,8.9,96.0,664035,4.36
134,Terminator 2: Judgment Day,1991,137,8.5,75.0,970619,204.84
135,Boogie Nights,1997,155,7.9,85.0,232603,26.4
136,Into the Wild,2007,148,8.1,73.0,558015,18.35
137,Scent of a Woman,1992,156,8.0,59.0,251368,63.9
138,V for Vendetta,2005,132,8.2,62.0,1004971,70.51
139,The Lion King,1994,88,8.5,88.0,912514,422.78
140,The Revenant,2015,156,8.0,76.0,680743,183.64
141,The Peanut Butter Falcon,2019,97,7.6,70.0,43211,13.12
142,American Psycho,2000,101,7.6,64.0,469397,15.07
143,Blade Runner,1982,117,8.1,84.0,674749,32.87
144,Midnight in Paris,2011,94,7.7,81.0,377901,56.82
145,One Flew Over the Cuckoo's Nest,1975,133,8.7,83.0,886786,112.0
146,Eternal Sunshine of the Spotless Mind,2004,108,8.3,89.0,884687,34.4
147,Harry Potter and the Prisoner of Azkaban,2004,142,7.9,82.0,530071,249.36
148,Zootopia,2016,108,8.0,78.0,418575,341.27
149,Star Wars: Episode V - The Empire Strikes Back,1980,124,8.7,82.0,1127212,290.48
150,Coco,2017,105,8.4,81.0,347684,209.73
151,The Terminator,1984,107,8.0,84.0,780723,38.4
152,The Social Network,2010,120,7.7,95.0,605743,96.96
153,300,2006,117,7.6,52.0,720431,210.61
154,The Notebook,2004,123,7.8,53.0,505130,81.0
155,Harry Potter and the Half-Blood Prince,2009,153,7.6,78.0,455258,301.96
156,The Grand Budapest Hotel,2014,99,8.1,88.0,683776,59.1
157,Casino,1995,178,8.2,73.0,449634,42.44
158,Lost in Translation,2003,102,7.7,89.0,400842,44.59
159,Rush,2013,123,8.1,74.0,420697,26.95
160,Aliens,1986,137,8.3,84.0,636581,85.16
161,Apocalypto,2006,139,7.8,68.0,284979,50.87
162,True Romance,1993,119,7.9,59.0,201402,12.28
163,There Will Be Blood,2007,158,8.2,93.0,499818,40.22
164,Room,2015,118,8.1,86.0,354172,14.68
165,Hacksaw Ridge,2016,139,8.1,71.0,414766,67.21
166,The Big Short,2015,130,7.8,81.0,346100,70.26
167,Donnie Darko,2001,113,8.0,88.0,726052,1.48
168,12 Years a Slave,2013,134,8.1,96.0,621382,56.67
169,The Hunt for Red October,1990,135,7.6,58.0,174149,122.01
170,Snatch,2000,102,8.3,55.0,763258,30.33
171,2001: A Space Odyssey,1968,149,8.3,84.0,584375,56.95
172,Harry Potter and the Deathly Hallows: Part 1,2010,146,7.7,65.0,460436,295.98
173,Indiana Jones and the Temple of Doom,1984,118,7.6,57.0,435760,179.87
174,The Lord of the Rings: The Two Towers,2002,179,8.7,87.0,1443287,342.55
175,Cast Away,2000,143,7.8,73.0,507955,233.63
176,Superbad,2007,113,7.6,76.0,509400,121.46
177,Drive,2011,100,7.8,78.0,555919,35.06
178,Full Metal Jacket,1987,116,8.3,76.0,654617,46.36
179,The Fugitive,1993,130,7.8,87.0,260763,183.88
180,Atonement,2007,123,7.8,85.0,242299,50.93
181,Arrival,2016,116,7.9,81.0,571621,100.55
182,What We Do in the Shadows,2014,86,7.7,76.0,148881,3.33
183,Casino Royale,2006,144,8.0,80.0,567928,167.45
184,Reservoir Dogs,1992,99,8.3,79.0,892162,2.83
185,Million Dollar Baby,2004,132,8.1,86.0,620498,100.49
186,The Thing,1982,109,8.1,57.0,357846,13.78
187,The Perks of Being a Wallflower,2012,103,8.0,67.0,449245,17.74
188,Captain America: Civil War,2016,147,7.8,75.0,640528,408.08
189,Edge of Tomorrow,2014,113,7.9,71.0,583380,100.21
190,Sicario,2015,121,7.6,82.0,358160,46.89
191,Ghostbusters,1984,105,7.8,71.0,345569,238.63
192,Oldboy,2003,120,8.4,77.0,498132,0.71
193,The Hobbit: An Unexpected Journey,2012,169,7.8,58.0,744236,303.0
194,Star Wars: Episode VII - The Force Awakens,2015,138,7.9,80.0,842542,936.66
195,About Time,2013,123,7.8,55.0,288115,15.32
196,The Blues Brothers,1980,133,7.9,60.0,177886,57.23
197,The Florida Project,2017,111,7.6,92.0,88458,5.9
198,The Hangover,2009,100,7.7,73.0,703550,277.32
199,12 Monkeys,1995,129,8.0,74.0,566559,57.14
200,Howl's Moving Castle,2004,119,8.2,80.0,315788,4.71
201,American History X,1998,119,8.5,62.0,1009388,6.72
202,Remember the Titans,2000,113,7.8,48.0,193500,115.65
203,Children of Men,2006,109,7.9,84.0,453944,35.55
204,Ratatouille,2007,111,8.0,96.0,621786,206.45
205,Indiana Jones and the Last Crusade,1989,127,8.2,65.0,673850,197.17
206,Ocean's Eleven,2001,116,7.7,74.0,502029,183.42
207,Warrior,2011,140,8.2,71.0,425780,13.66
208,Home Alone,1990,103,7.6,63.0,449711,285.76
209,Your Name.,2016,106,8.4,79.0,174896,5.02
210,The Warriors,1979,92,7.6,65.0,91299,22.49
211,"O Brother, Where Art Thou?",2000,107,7.7,69.0,278028,45.51
212,Mulholland Drive,2001,147,8.0,85.0,310897,7.22
213,Inside Out,2015,95,8.1,94.0,588858,356.46
214,Seven Samurai,1954,207,8.6,98.0,306057,0.27
215,Die Hard,1988,132,8.2,72.0,764865,83.01
216,Pan's Labyrinth,2006,118,8.2,98.0,604446,37.63
217,Life Is Beautiful,1997,116,8.6,59.0,602134,57.6
218,The Thin Red Line,1998,170,7.6,78.0,168601,36.4
219,Sin City,2005,124,8.0,74.0,732018,74.1
220,The Pianist,2002,150,8.5,85.0,703662,32.57
221,The Girl with the Dragon Tattoo,2011,158,7.8,71.0,409861,102.52
222,The Sixth Sense,1999,107,8.1,64.0,890721,293.51
223,Fargo,1996,98,8.1,85.0,597993,24.61
224,Predator,1987,107,7.8,45.0,363189,59.74
225,Moneyball,2011,133,7.6,87.0,351923,75.61
226,Princess Mononoke,1997,134,8.4,76.0,328082,2.38
227,Minority Report,2002,145,7.6,80.0,496644,132.07
228,Apollo 13,1995,140,7.6,77.0,261137,173.84
229,Inside Man,2006,129,7.6,76.0,330128,88.51
230,Black Swan,2010,108,8.0,79.0,683665,106.95
231,Gone with the Wind,1939,238,8.1,97.0,282123,198.68
232,The Sound of Music,1965,172,8.0,63.0,197679,163.21
233,The Invisible Guest,2016,106,8.1,None Given,124209,
234,Willy Wonka & the Chocolate Factory,1971,100,7.8,67.0,173076,4.0
235,The Handmaiden,2016,145,8.1,84.0,102761,2.01
236,A Beautiful Mind,2001,135,8.2,72.0,823614,170.74
237,Some Like It Hot,1959,121,8.2,98.0,236853,25.0
238,Unforgiven,1992,130,8.2,85.0,365245,101.16
239,Incredibles 2,2018,118,7.6,80.0,237369,608.58
240,The Bourne Identity,2002,119,7.9,68.0,497149,121.66
241,True Grit,2010,110,7.6,80.0,303403,171.24
242,Mulan,1998,88,7.6,71.0,242879,120.62
243,Spotlight,2015,129,8.1,93.0,403394,45.06
244,Black Hawk Down,2001,144,7.7,74.0,356896,108.64
245,Zombieland,2009,88,7.6,73.0,508481,75.59
246,Wonder,2017,113,8.0,66.0,131939,132.42
247,The Incredibles,2004,115,8.0,90.0,640171,261.44
248,Magnolia,1999,188,8.0,77.0,283556,22.46
249,The Sandlot,1993,101,7.8,55.0,76686,32.42
250,Captain America: The Winter Soldier,2014,136,7.7,70.0,715983,259.77
251,Blue Is the Warmest Colour,2013,180,7.7,88.0,134579,2.2
252,Birdman or (The Unexpected Virtue of Ignorance),2014,119,7.7,87.0,563323,42.34
253,Do the Right Thing,1989,120,7.9,93.0,85188,27.55
254,Toy Story,1995,81,8.3,95.0,860323,191.8
255,Primal Fear,1996,129,7.7,47.0,179830,56.12
256,The Imitation Game,2014,114,8.0,73.0,664031,91.13
257,The Exorcist,1973,122,8.0,81.0,352755,232.91
258,Star Wars: Episode VI - Return of the Jedi,1983,131,8.3,58.0,924173,309.13
259,Casablanca,1942,102,8.5,100.0,507470,1.02
260,Donnie Brasco,1997,127,7.7,76.0,270190,41.91
261,Fiddler on the Roof,1971,181,8.0,67.0,38076,80.5
262,Platoon,1986,120,8.1,92.0,371822,138.53
263,Silver Linings Playbook,2012,122,7.7,81.0,649076,132.09
264,The Curious Case of Benjamin Button,2008,166,7.8,70.0,573407,127.51
265,Sherlock Holmes,2009,128,7.6,57.0,572290,209.03
266,The Untouchables,1987,119,7.9,79.0,271561,76.27
267,Nightcrawler,2014,117,7.9,76.0,445191,32.38
268,The Wizard of Oz,1939,102,8.0,100.0,365370,2.08
269,The Intouchables,2011,112,8.5,57.0,732872,13.18
270,L.A. Confidential,1997,138,8.2,90.0,519438,64.62
271,Tangled,2010,100,7.7,71.0,394284,200.82
272,Serenity,2005,119,7.8,74.0,279116,25.51
273,Trainspotting,1996,93,8.1,83.0,621173,16.5
274,The Godfather: Part III,1990,162,7.6,60.0,348552,66.67
275,Kill Bill: Vol. 2,2004,137,8.0,83.0,665078,66.21
276,Big Fish,2003,125,8.0,58.0,406764,66.26
277,Rocky,1976,120,8.1,70.0,503908,117.24
278,Capernaum,2018,126,8.4,75.0,51336,1.66
279,Training Day,2001,122,7.7,69.0,379539,76.63
280,Lethal Weapon,1987,109,7.6,68.0,231478,65.21
281,Dead Poets Society,1989,128,8.1,79.0,408328,95.86
282,My Cousin Vinny,1992,120,7.6,68.0,103260,52.93
283,Up,2009,96,8.2,88.0,907137,293.0
284,Dallas Buyers Club,2013,117,8.0,80.0,428094,27.3
285,Finding Nemo,2003,100,8.1,90.0,923985,380.84
286,Halloween,1978,91,7.8,87.0,221301,47.0
287,Argo,2012,120,7.7,86.0,561288,136.03
288,Lion,2016,118,8.0,69.0,205115,51.74
289,City of God,2002,130,8.6,79.0,683283,7.56
290,Groundhog Day,1993,101,8.0,72.0,567261,70.91
291,Shaun of the Dead,2004,99,7.9,76.0,500265,13.54
292,Mary Poppins,1964,139,7.8,88.0,153628,102.27
293,Fried Green Tomatoes,1991,130,7.7,64.0,65087,82.42
294,Skyfall,2012,143,7.7,81.0,618456,304.36
295,Dances with Wolves,1990,181,8.0,72.0,234074,184.21
296,Rear Window,1954,112,8.4,100.0,429855,36.76
297,Wind River,2017,107,7.7,73.0,193876,33.8
298,Das Boot,1981,149,8.3,86.0,225169,11.49
299,Moonrise Kingdom,2012,94,7.8,84.0,310088,45.51
300,Brokeback Mountain,2005,134,7.7,87.0,315777,83.04
301,Amélie,2001,122,8.3,69.0,687938,33.23
302,Despicable Me,2010,95,7.6,72.0,489480,251.51
303,Amadeus,1984,160,8.3,88.0,359357,51.97
304,Little Miss Sunshine,2006,101,7.8,80.0,429997,59.89
305,Cinema Paradiso,1988,155,8.5,80.0,221273,11.99
306,"Monsters, Inc.",2001,92,8.0,79.0,791468,289.92
307,Close Encounters of the Third Kind,1977,138,7.6,90.0,179370,132.09
308,The Deer Hunter,1978,183,8.1,86.0,302836,48.98
309,The Last of the Mohicans,1992,112,7.7,76.0,144887,75.51
310,Vertigo,1958,128,8.3,100.0,349897,3.2
311,The Pursuit of Happyness,2006,117,8.0,64.0,435069,163.57
312,The Hobbit: The Desolation of Smaug,2013,161,7.8,66.0,589133,258.37
313,The Fighter,2010,116,7.8,79.0,332834,93.62
314,"Lock, Stock and Two Smoking Barrels",1998,107,8.2,66.0,522170,3.9
315,Captain Fantastic,2016,118,7.9,72.0,180575,5.88
316,Y Tu Mamá También,2001,106,7.6,88.0,113177,13.62
317,28 Days Later...,2002,113,7.6,73.0,368092,45.06
318,Edward Scissorhands,1990,105,7.9,74.0,435686,56.36
319,A Few Good Men,1992,138,7.7,62.0,228203,141.34
320,Hell or High Water,2016,102,7.6,88.0,196672,26.86
321,Chinatown,1974,130,8.2,92.0,285124,29.2
322,Slumdog Millionaire,2008,120,8.0,84.0,783940,141.32
323,Rosemary's Baby,1968,137,8.0,96.0,186272,
324,Crash,2004,112,7.7,66.0,414156,54.58
325,Monty Python and the Holy Grail,1975,91,8.2,93.0,489592,1.23
326,Life of Pi,2012,127,7.9,79.0,568118,124.99
327,WALL·E,2008,98,8.4,95.0,970230,223.81
328,As Good as It Gets,1997,139,7.7,67.0,268951,148.48
329,The Hunt,2012,115,8.3,77.0,267470,0.69
330,Blood Diamond,2006,143,8.0,64.0,487705,57.37
331,Saw,2004,103,7.6,46.0,370539,56.0
332,What's Eating Gilbert Grape,1993,118,7.8,73.0,209284,9.17
333,500 Days of Summer,2009,95,7.7,76.0,462627,32.39
334,Bridge of Spies,2015,142,7.6,81.0,279854,72.31
335,First Blood,1982,93,7.7,61.0,220373,47.21
336,Goldfinger,1964,110,7.7,87.0,168110,51.08
337,In Bruges,2008,107,7.9,67.0,382111,7.76
338,3 Idiots,2009,170,8.4,67.0,329485,6.53
339,The Lives of Others,2006,137,8.4,89.0,347708,11.29
340,Aladdin,1992,90,8.0,86.0,362307,217.35
341,Lawrence of Arabia,1962,228,8.3,100.0,260111,44.82
342,The Dirty Dozen,1967,150,7.7,73.0,65462,45.3
343,Falling Down,1993,113,7.6,56.0,165577,40.9
344,The Last Samurai,2003,154,7.7,55.0,390114,111.11
345,The Fault in Our Stars,2014,126,7.7,69.0,335359,124.87
346,Manchester by the Sea,2016,137,7.8,96.0,236803,47.7
347,Hidden Figures,2016,127,7.8,74.0,191875,169.61
348,Deliverance,1972,109,7.7,80.0,96262,7.06
349,Blazing Saddles,1974,93,7.7,73.0,122818,119.5
350,Blue Velvet,1986,120,7.8,76.0,175366,8.55
351,The Little Mermaid,1989,83,7.6,88.0,230518,111.54
352,Before Sunrise,1995,101,8.1,77.0,260458,5.54
353,Mystic River,2003,138,7.9,84.0,409804,90.14
354,Shrek,2001,90,7.8,84.0,597674,267.67
355,Incendies,2010,131,8.3,80.0,140943,6.86
356,Misery,1990,107,7.8,75.0,178142,61.28
357,District 9,2009,112,7.9,81.0,628558,115.65
358,Gravity,2013,91,7.7,96.0,752736,274.09
359,The Game,1997,129,7.8,61.0,334943,48.32
360,Office Space,1999,89,7.7,68.0,236823,10.82
361,Star Trek Into Darkness,2013,132,7.7,72.0,457544,228.78
362,Citizen Kane,1941,119,8.3,100.0,387274,1.59
363,Who Framed Roger Rabbit,1988,104,7.7,83.0,177718,156.45
364,Fear and Loathing in Las Vegas,1998,118,7.6,41.0,253767,10.68
365,3:10 to Yuma,2007,122,7.7,76.0,282532,53.61
366,The Blind Side,2009,129,7.6,53.0,284486,255.96
367,Taken,2008,90,7.8,51.0,556564,145.0
368,Downfall,2004,156,8.2,82.0,323291,5.51
369,Moon,2009,97,7.9,67.0,328358,5.01
370,My Neighbor Totoro,1988,86,8.2,86.0,275395,1.11
371,Big Hero 6,2014,102,7.8,74.0,399047,222.53
372,Dark City,1998,100,7.6,66.0,184489,14.38
373,Captain Phillips,2013,134,7.8,82.0,410210,107.1
374,The Outlaw Josey Wales,1976,135,7.8,69.0,63784,31.8
375,The Hurt Locker,2008,131,7.6,95.0,412669,17.02
376,Road to Perdition,2002,117,7.7,72.0,241625,104.45
377,Toy Story 3,2010,103,8.3,92.0,736557,415.0
378,The Theory of Everything,2014,123,7.7,72.0,388399,35.89
379,A Bronx Tale,1993,121,7.8,80.0,124389,17.27
380,The Naked Gun: From the Files of Police Squad!,1988,85,7.6,76.0,147200,78.76
381,The Machinist,2004,101,7.7,61.0,349368,1.08
382,The Skin I Live In,2011,120,7.6,70.0,134217,3.19
383,The Butterfly Effect,2004,113,7.6,30.0,442717,57.94
384,American Gangster,2007,157,7.8,76.0,382462,130.16
385,When Harry Met Sally...,1989,95,7.6,76.0,189616,92.82
386,Singin' in the Rain,1952,103,8.3,99.0,211999,8.82
387,A Fistful of Dollars,1964,99,8.0,65.0,191081,14.5
388,Fantastic Mr. Fox,2009,87,7.9,83.0,191716,21.0
389,Raging Bull,1980,129,8.2,89.0,312049,23.38
390,The Crow,1994,102,7.6,71.0,163010,50.69
391,The Count of Monte Cristo,2002,131,7.8,61.0,126368,54.23
392,Changeling,2008,141,7.7,63.0,232563,35.74
393,Monty Python's Life of Brian,1979,94,8.1,77.0,357518,20.05
394,Star Trek II: The Wrath of Khan,1982,113,7.7,67.0,110292,78.91
395,Mad Max 2: The Road Warrior,1981,96,7.6,77.0,162760,12.47
396,Sleepers,1996,147,7.6,49.0,183248,49.1
397,Memories of Murder,2003,132,8.1,82.0,126263,0.01
398,The King's Speech,2010,118,8.0,88.0,625980,138.8
399,Kick-Ass,2010,117,7.6,66.0,516376,48.07
400,Gattaca,1997,106,7.8,64.0,274652,12.34
401,The Seventh Seal,1957,96,8.2,None Given,158095,
402,Beauty and the Beast,1991,84,8.0,95.0,409239,218.97
403,Being John Malkovich,1999,113,7.7,90.0,302419,22.86
404,How to Train Your Dragon,2010,98,8.1,75.0,648640,217.58
405,Grave of the Fireflies,1988,89,8.5,94.0,223093,
406,Boyhood,2014,165,7.9,100.0,329652,25.38
407,Gran Torino,2008,116,8.1,72.0,704449,148.1
408,Empire of the Sun,1987,153,7.7,62.0,112572,22.24
409,Roma,2018,135,7.7,96.0,133234,
410,The Grapes of Wrath,1940,129,8.0,96.0,84382,0.06
411,The Graduate,1967,106,8.0,83.0,248959,104.95
412,Boyz n the Hood,1991,112,7.7,76.0,120954,57.5
413,The Holy Mountain,1973,114,7.9,None Given,35088,0.06
414,Gifted,2017,101,7.6,60.0,94970,24.8
415,Match Point,2005,124,7.6,72.0,202155,23.09
416,For a Few Dollars More,1965,132,8.3,74.0,224381,15.0
417,Rain Man,1988,133,8.0,65.0,463154,178.8
418,It's a Wonderful Life,1946,130,8.6,89.0,386382,
419,Dog Day Afternoon,1975,125,8.0,86.0,229749,50.0
420,Shoplifters,2018,121,8.0,93.0,55348,3.31
421,End of Watch,2012,109,7.6,68.0,223528,41.0
422,Coraline,2009,100,7.7,80.0,189803,75.29
423,Searching,2018,102,7.6,71.0,128510,26.02
424,Walk the Line,2005,136,7.8,72.0,228420,119.52
425,Serpico,1973,130,7.7,87.0,105843,29.8
426,Spartacus,1960,197,7.9,87.0,121286,30.0
427,Barry Lyndon,1975,185,8.1,89.0,144239,
428,Philadelphia,1993,125,7.7,66.0,218755,77.32
429,North by Northwest,1959,136,8.3,98.0,290052,13.28
430,The Secret in Their Eyes,2009,129,8.2,80.0,186728,6.39
431,The Farewell,2019,100,7.6,89.0,43090,16.88
432,I Saw the Devil,2010,144,7.8,67.0,105107,0.13
433,My Fair Lady,1964,170,7.8,95.0,84431,72.0
434,The Color Purple,1985,154,7.8,78.0,76027,98.47
435,October Sky,1999,108,7.8,71.0,79899,32.48
436,Wreck-It Ralph,2012,101,7.7,72.0,369895,189.42
437,This Is Spinal Tap,1984,82,7.9,92.0,126135,0.19
438,Hunt for the Wilderpeople,2016,101,7.9,81.0,103450,5.2
439,Young Frankenstein,1974,106,8.0,80.0,139861,86.3
440,Man on Fire,2004,146,7.7,47.0,322634,77.91
441,Dangal,2016,161,8.4,None Given,145740,12.39
442,Billy Elliot,2000,110,7.7,74.0,123428,22.0
443,The Bourne Supremacy,2004,108,7.7,73.0,425671,176.24
444,Glory,1989,122,7.8,78.0,118296,26.83
445,The Birds,1963,119,7.7,90.0,166234,11.4
446,Ponyo,2008,101,7.7,86.0,119031,15.09
447,Breakfast at Tiffany's,1961,115,7.7,76.0,162290,
448,The Bourne Ultimatum,2007,115,8.0,85.0,596130,227.47
449,Only the Brave,2017,134,7.6,72.0,54378,18.34
450,Straight Outta Compton,2015,147,7.8,72.0,175415,161.2
451,The Magnificent Seven,1960,128,7.7,74.0,85538,4.91
452,To Kill a Mockingbird,1962,129,8.2,88.0,287691,
453,The Elephant Man,1980,124,8.1,78.0,213316,
454,Enemy at the Gates,2001,131,7.6,53.0,237229,51.4
455,Nausicaä of the Valley of the Wind,1984,117,8.1,86.0,143599,0.5
456,Brazil,1985,132,7.9,84.0,183685,9.93
457,Mr. Nobody,2009,141,7.8,63.0,210800,0.0
458,Stalker,1979,162,8.2,None Given,110797,0.23
459,Toy Story 2,1999,92,7.9,88.0,512351,245.85
460,Days of Heaven,1978,94,7.8,93.0,50605,
461,In the Mood for Love,2000,98,8.1,85.0,118115,2.73
462,Togo,2019,113,8.0,69.0,29629,
463,Isle of Dogs,2018,101,7.9,82.0,131385,32.02
464,"Paris, Texas",1984,145,8.1,78.0,85394,2.18
465,The Others,2001,104,7.6,74.0,329264,96.52
466,Lost Highway,1997,134,7.6,52.0,126963,3.8
467,Duck You Sucker,1971,138,7.6,77.0,29050,0.7
468,Kramer vs. Kramer,1979,105,7.8,77.0,128693,106.26
469,Dogville,2003,178,8.0,60.0,134359,1.53
470,Sense and Sensibility,1995,136,7.6,84.0,98890,43.18
471,The Jungle Book,1967,78,7.6,65.0,161621,141.84
472,Gone Baby Gone,2007,114,7.6,72.0,244603,20.3
473,A Silent Voice: The Movie,2016,130,8.2,78.0,39384,
474,"Blood In, Blood Out",1993,180,8.0,47.0,28162,4.5
475,Harakiri,1962,133,8.7,85.0,36187,
476,Planet of the Apes,1968,112,8.0,79.0,162292,33.4
477,Mississippi Burning,1988,128,7.8,65.0,84915,34.6
478,The Royal Tenenbaums,2001,110,7.6,76.0,259895,52.36
479,Batman: Mask of the Phantasm,1993,76,7.8,None Given,41895,5.62
480,Blow,2001,124,7.6,52.0,235510,52.99
481,25th Hour,2002,135,7.6,68.0,167475,13.06
482,The Great Escape,1963,172,8.2,86.0,218537,12.1
483,Enter the Dragon,1973,102,7.7,83.0,93950,25.0
484,Kiki's Delivery Service,1989,103,7.8,83.0,116555,
485,Battle Royale,2000,114,7.6,81.0,165799,
486,Ran,1985,162,8.2,96.0,107951,4.14
487,The Verdict,1982,129,7.7,77.0,34755,54.0
488,Malcolm X,1992,202,7.7,73.0,82913,48.17
489,Escape from Alcatraz,1979,112,7.6,76.0,115430,43.0
490,Butch Cassidy and the Sundance Kid,1969,110,8.0,66.0,198580,102.31
491,Akira,1988,124,8.0,None Given,158244,0.55
492,The Boondock Saints,1999,108,7.8,44.0,224115,0.03
493,The French Connection,1971,104,7.7,94.0,106723,15.63
494,Carlito's Way,1993,144,7.9,65.0,195613,36.95
495,Wild Tales,2014,122,8.1,77.0,168855,3.11
496,The Sting,1973,129,8.3,83.0,235196,159.6
497,Eastern Promises,2007,100,7.6,82.0,223170,17.11
498,Midnight Express,1978,121,7.6,59.0,71316,35.0
499,Traffic,2000,147,7.6,86.0,192550,124.12
500,Creed,2015,133,7.6,82.0,240708,109.77
501,Metropolis,1927,153,8.3,98.0,155218,1.24
502,Klaus,2019,96,8.2,65.0,72820,
503,The Conversation,1974,113,7.8,85.0,94942,4.42
504,Awakenings,1990,121,7.8,74.0,119981,52.1
505,Hotel Rwanda,2004,121,8.1,79.0,328057,23.53
506,The Illusionist,2006,110,7.6,68.0,349620,39.87
507,Gangs of Wasseypur,2012,321,8.2,89.0,77227,
508,Network,1976,121,8.1,83.0,141094,
509,High Noon,1952,85,7.9,89.0,95217,9.45
510,The Boy in the Striped Pajamas,2008,94,7.8,55.0,184927,9.03
511,Lord of War,2005,122,7.6,62.0,289023,24.15
512,Midnight Cowboy,1969,113,7.8,79.0,98120,44.79
513,Dawn of the Planet of the Apes,2014,130,7.6,79.0,405491,208.55
514,The Ten Commandments,1956,220,7.8,None Given,62111,93.74
515,The Girl with the Dragon Tattoo,2009,152,7.8,76.0,205523,10.1
516,Before Sunset,2004,80,8.0,90.0,226965,5.82
517,National Lampoon's Christmas Vacation,1989,97,7.6,49.0,148005,71.32
518,Castle in the Sky,1986,125,8.0,78.0,144213,
519,Sling Blade,1996,135,8.0,84.0,85478,24.48
520,The Wrestler,2008,109,7.9,80.0,285620,26.24
521,Adaptation.,2002,115,7.7,83.0,173255,22.25
522,Dirty Harry,1971,102,7.7,90.0,139940,35.9
523,Andhadhun,2018,139,8.3,None Given,63908,1.37
524,The Searchers,1956,119,7.9,94.0,78004,
525,The Nightmare Before Christmas,1993,76,8.0,82.0,284180,75.08
526,The Raid: Redemption,2011,101,7.6,73.0,186399,4.11
527,Before Midnight,2013,109,7.9,94.0,135357,8.11
528,Sing Street,2016,106,7.9,79.0,82257,3.24
529,The Lego Movie,2014,100,7.7,83.0,318324,257.76
530,Die Hard with a Vengeance,1995,128,7.6,58.0,356017,100.01
531,Persona,1966,83,8.1,86.0,97924,
532,Annie Hall,1977,93,8.0,92.0,247395,39.2
533,The Man from Earth,2007,87,7.9,None Given,169861,
534,The Fall,2006,117,7.9,64.0,105508,2.28
535,Seven Pounds,2008,123,7.6,36.0,281498,69.95
536,The 39 Steps,1935,86,7.6,93.0,50162,
537,Short Term 12,2013,96,8.0,82.0,79124,1.01
538,Ghost in the Shell,1995,83,8.0,76.0,124735,0.52
539,Freaks,1932,64,7.9,80.0,40949,
540,Paths of Glory,1957,88,8.4,None Given,171296,
541,JFK,1991,189,8.0,72.0,137804,70.41
542,Sunset Blvd.,1950,110,8.4,None Given,194479,
543,Kung Fu Hustle,2004,99,7.7,78.0,124181,17.11
544,Ip Man,2008,106,8.0,59.0,207021,
545,A Separation,2011,123,8.3,95.0,212958,7.1
546,The Artist,2011,100,7.9,89.0,226580,44.67
547,Ben-Hur,1959,212,8.1,90.0,213919,74.7
548,7 Kogustaki Mucize,2019,132,8.3,None Given,27600,
549,Cool Hand Luke,1967,127,8.1,92.0,157657,16.22
550,Yojimbo,1961,110,8.2,None Given,106635,
551,Robin Hood,1973,83,7.6,57.0,112158,32.06
552,The Last Picture Show,1971,118,8.0,93.0,40971,29.13
553,The Insider,1999,157,7.8,84.0,156446,28.97
554,Night of the Living Dead,1968,96,7.9,89.0,112620,0.09
555,Rushmore,1998,93,7.7,86.0,165174,17.11
556,"Synecdoche, New York",2008,124,7.6,67.0,78950,3.08
557,In the Name of the Father,1993,133,8.1,84.0,151818,25.01
558,Funny Games,1997,108,7.6,69.0,62339,
559,The Last King of Scotland,2006,123,7.7,74.0,172321,17.61
560,The Bridges of Madison County,1995,135,7.6,66.0,70729,71.52
561,Zindagi Na Milegi Dobara,2011,155,8.1,None Given,65046,3.11
562,Rope,1948,80,8.0,73.0,125021,
563,Baahubali: The Beginning,2015,159,8.1,None Given,99488,6.74
564,Hachi: A Dog's Tale,2009,93,8.1,None Given,244264,
565,Solaris,1972,167,8.1,90.0,77566,
566,"Crouching Tiger, Hidden Dragon",2000,120,7.8,94.0,248802,128.08
567,Papillon,1973,151,8.0,58.0,118777,53.27
568,Gandhi,1982,191,8.0,79.0,214581,52.77
569,The Apartment,1960,125,8.3,94.0,157776,18.6
570,The King of Comedy,1982,109,7.8,73.0,83350,2.5
571,Amores Perros,2000,154,8.1,83.0,218335,5.38
572,Rashomon,1950,88,8.2,98.0,147141,0.1
573,La Haine,1995,98,8.1,None Given,143301,0.31
574,Dil Bechara,2020,101,9.5,None Given,76534,
575,Let the Right One In,2008,114,7.9,82.0,202055,2.12
576,PK,2014,153,8.1,None Given,155658,10.62
577,Blood Simple,1984,99,7.6,81.0,84909,2.15
578,8½,1963,138,8.0,None Given,105842,0.05
579,A Little Princess,1995,97,7.7,83.0,31328,10.02
580,Frost/Nixon,2008,122,7.7,80.0,101035,18.59
581,This Is England,2006,101,7.7,86.0,113886,0.33
582,A Streetcar Named Desire,1951,122,8.0,97.0,96772,8.0
583,Perfect Blue,1997,81,8.0,None Given,53147,0.78
584,In the Heat of the Night,1967,110,7.9,75.0,65452,24.38
585,Ordinary People,1980,124,7.7,86.0,45406,54.8
586,Pride,2014,119,7.8,79.0,50266,
587,Snow White and the Seven Dwarfs,1937,83,7.6,95.0,176346,184.93
588,Rebecca,1940,130,8.1,86.0,118551,4.36
589,How to Train Your Dragon 2,2014,102,7.8,76.0,297166,177.0
590,50/50,2011,100,7.6,72.0,311086,35.01
591,Dangerous Liaisons,1988,119,7.6,74.0,62918,34.7
592,Like Stars on Earth,2007,165,8.4,None Given,160175,1.22
593,The Name of the Rose,1986,130,7.7,54.0,98986,7.15
594,Doctor Zhivago,1965,197,8.0,69.0,67965,111.72
595,Finding Neverland,2004,106,7.7,67.0,195934,51.68
596,The Bridge on the River Kwai,1957,161,8.1,87.0,197724,44.91
597,The Right Stuff,1983,193,7.8,91.0,54748,21.5
598,Beasts of No Nation,2015,137,7.7,79.0,71102,0.08
599,The Best Offer,2013,131,7.8,49.0,104622,0.09
600,Roman Holiday,1953,118,8.0,78.0,124064,
601,On the Waterfront,1954,108,8.1,91.0,137641,9.6
602,The Body,2012,108,7.6,None Given,53812,
603,I Am Sam,2001,132,7.7,28.0,140747,40.31
604,The Great Beauty,2013,141,7.8,86.0,78308,2.85
605,The Adventures of Robin Hood,1938,102,7.9,97.0,46072,3.98
606,Ed Wood,1994,127,7.8,70.0,162552,5.89
607,Naked,1993,132,7.8,84.0,33043,1.77
608,Chungking Express,1994,102,8.1,77.0,59421,0.6
609,Fanny and Alexander,1982,188,8.1,100.0,55963,4.97
610,Mother,2009,129,7.8,79.0,48165,0.55
611,Dancer in the Dark,2000,140,8.0,61.0,99622,4.18
612,The Wind Rises,2013,126,7.8,83.0,69325,5.21
613,Ray,2004,152,7.7,73.0,135577,75.33
614,The Iron Giant,1999,86,8.0,85.0,167462,23.16
615,Dawn of the Dead,1978,127,7.9,71.0,108767,5.1
616,Porco Rosso,1992,94,7.7,83.0,73281,
617,Badlands,1973,94,7.8,93.0,63515,
618,Bonnie and Clyde,1967,111,7.8,86.0,99786,
619,Manhattan,1979,96,7.9,83.0,128627,45.7
620,Flipped,2010,90,7.7,45.0,79300,1.75
621,Sabrina,1954,113,7.7,72.0,57361,
622,The Straight Story,1999,112,8.0,86.0,79601,6.2
623,Glengarry Glen Ross,1992,100,7.7,82.0,93432,10.73
624,Breaking the Waves,1996,159,7.8,76.0,60848,4.04
625,Charade,1963,113,7.9,83.0,65750,13.47
626,The Day of the Jackal,1973,143,7.8,80.0,36350,16.06
627,Le Samouraï,1967,101,8.1,None Given,43553,0.04
628,Cabaret,1972,124,7.8,80.0,46953,42.77
629,Nosferatu,1922,94,7.9,None Given,86195,
630,M,1931,99,8.3,None Given,138410,0.03
631,Whisper of the Heart,1995,111,7.9,75.0,48098,
632,The Raid 2,2014,150,8.0,71.0,111543,2.63
633,The Last Emperor,1987,163,7.7,76.0,91295,43.98
634,Witness for the Prosecution,1957,116,8.4,None Given,103531,8.18
635,Strangers on a Train,1951,101,8.0,88.0,120488,7.63
636,La Dolce Vita,1960,174,8.0,95.0,64118,19.52
637,All the President's Men,1976,138,8.0,84.0,99246,70.6
638,"Planes, Trains & Automobiles",1987,93,7.6,72.0,118629,49.53
639,The Night of the Hunter,1955,92,8.0,99.0,79830,0.65
640,Rebel Without a Cause,1955,111,7.7,89.0,81206,
641,Letters from Iwo Jima,2006,141,7.9,89.0,151685,13.76
642,The Man Who Shot Liberty Valance,1962,123,8.1,94.0,66913,
643,Where Eagles Dare,1968,158,7.7,63.0,50442,
644,The Wild Bunch,1969,135,7.9,97.0,75791,12.06
645,The Secret World of Arrietty,2010,94,7.6,80.0,76806,19.2
646,Evil Dead II,1987,84,7.8,69.0,144060,5.92
647,After Hours,1985,97,7.7,90.0,56140,10.6
648,Hannah and Her Sisters,1986,107,7.9,90.0,65417,40.08
649,Cold War,2018,89,7.6,90.0,45131,4.57
650,Rio Bravo,1959,141,8.0,93.0,54471,12.54
651,Me and Earl and the Dying Girl,2015,105,7.7,74.0,120040,6.74
652,Barton Fink,1991,116,7.7,69.0,110343,6.15
653,Paddington 2,2017,103,7.8,88.0,57447,40.44
654,Pink Floyd: The Wall,1982,95,8.1,47.0,74320,22.24
655,Land of Mine,2015,100,7.8,75.0,33415,0.44
656,Mysterious Skin,2004,105,7.6,73.0,64752,0.7
657,Black Book,2006,145,7.7,71.0,71300,4.4
658,Mary and Max,2009,92,8.1,None Given,160322,
659,The Maltese Falcon,1941,100,8.0,96.0,146321,2.11
660,21 Grams,2003,124,7.7,70.0,220719,16.29
661,The Kid,1921,68,8.3,None Given,108160,5.45
662,All About Eve,1950,138,8.2,98.0,117014,0.01
663,Blow-Up,1966,111,7.6,82.0,54758,
664,Dial M for Murder,1954,105,8.2,75.0,152201,0.01
665,Mommy,2014,139,8.1,74.0,48275,3.49
666,Modern Times,1936,87,8.5,96.0,209762,0.16
667,Clerks,1994,92,7.7,70.0,208725,3.15
668,The Mirror,1975,107,8.1,None Given,37741,0.18
669,Lucky Number Slevin,2006,110,7.7,53.0,296168,22.49
670,Double Indemnity,1944,107,8.3,95.0,138658,5.72
671,Hero,2002,120,7.9,85.0,171539,53.71
672,Breathless,1960,90,7.9,None Given,70629,0.34
673,Giant,1956,201,7.6,84.0,33091,
674,Red River,1948,133,7.8,None Given,27248,
675,Stagecoach,1939,96,7.9,93.0,41942,
676,Queen,2013,146,8.2,None Given,58907,1.43
677,The Philadelphia Story,1940,112,7.9,96.0,61800,
678,Wings of Desire,1987,128,8.0,79.0,62527,3.33
679,Three Colors: Blue,1993,94,7.9,85.0,85744,1.32
680,Kelly's Heroes,1970,144,7.6,50.0,44141,1.38
681,The Longest Day,1962,178,7.8,75.0,51258,39.1
682,Drishyam,2015,163,8.2,None Given,64838,0.74
683,Kubo and the Two Strings,2016,101,7.8,84.0,114430,48.02
684,The Third Man,1949,93,8.1,97.0,154502,0.45
685,Miller's Crossing,1990,115,7.7,66.0,123358,5.08
686,The Tenant,1976,126,7.7,None Given,38114,1.92
687,Cinderella Man,2005,144,8.0,69.0,172985,61.65
688,Wild Strawberries,1957,91,8.2,88.0,92109,
689,The Killing Fields,1984,141,7.8,76.0,50188,34.7
690,The Great Dictator,1940,125,8.4,None Given,196093,0.29
691,Victoria,2015,138,7.6,77.0,50341,
692,Anatomy of a Murder,1959,161,8.0,95.0,58089,11.9
693,My Left Foot,1989,103,7.9,97.0,65837,14.74
694,The Remains of the Day,1993,134,7.8,84.0,63599,22.95
695,Paprika,2006,90,7.7,81.0,67792,0.88
696,Cape Fear,1962,106,7.7,76.0,25561,
697,Neon Genesis Evangelion: The End of Evangelion,1997,87,8.1,None Given,35750,
698,From Here to Eternity,1953,118,7.6,85.0,42149,30.5
699,Being There,1979,130,8.0,83.0,63894,30.18
700,Guess Who's Coming to Dinner,1967,108,7.8,63.0,38120,56.7
701,The Man from Nowhere,2010,119,7.8,None Given,60438,0.01
702,Contempt,1963,102,7.6,None Given,27738,0.04
703,The Muppet Movie,1979,95,7.6,74.0,31709,76.66
704,All That Jazz,1979,123,7.9,72.0,26987,37.82
705,The Killing,1956,84,8.0,91.0,79166,
706,Fitzcarraldo,1982,158,8.1,None Given,30303,
707,Happiness,1998,134,7.7,81.0,65186,2.81
708,King Kong,1933,100,7.9,90.0,77247,10.0
709,Paper Moon,1973,102,8.1,77.0,40997,30.93
710,Watership Down,1978,91,7.6,64.0,32883,
711,The Long Goodbye,1973,112,7.6,87.0,25006,0.96
712,K.G.F: Chapter 1,2018,156,8.2,None Given,30813,
713,Loving Vincent,2017,94,7.8,62.0,47786,6.74
714,The Secret of NIMH,1982,82,7.6,76.0,35302,10.14
715,The Tale of The Princess Kaguya,2013,137,8.0,89.0,35784,1.51
716,Harold and Maude,1971,91,7.9,62.0,69097,
717,Kagemusha,1980,162,8.0,84.0,31012,
718,Throne of Blood,1957,110,8.1,None Given,44317,
719,Pierrot le Fou,1965,110,7.6,None Given,28258,
720,What Ever Happened to Baby Jane?,1962,134,8.1,75.0,48525,4.05
721,Three Colors: Red,1994,99,8.1,100.0,87019,4.04
722,Cat on a Hot Tin Roof,1958,108,8.0,84.0,43642,17.57
723,The Legend of 1900,1998,169,8.1,58.0,57054,0.26
724,Amour,2012,127,7.9,94.0,90744,6.74
725,Run Lola Run,1998,80,7.6,77.0,185379,7.27
726,Dead Man,1995,121,7.6,62.0,88346,1.04
727,When Marnie Was There,2014,103,7.7,72.0,30012,0.77
728,Withnail & I,1987,107,7.7,84.0,39188,1.54
729,"Aguirre, the Wrath of God",1972,95,7.9,None Given,50617,
730,Bicycle Thieves,1948,89,8.3,None Given,140372,0.33
731,The Treasure of the Sierra Madre,1948,126,8.2,98.0,110843,5.01
732,The Big Sleep,1946,114,7.9,None Given,77260,6.54
733,Harvey,1950,104,7.9,None Given,51830,
734,Belle de Jour,1967,100,7.7,None Given,38901,0.03
735,The Hidden Fortress,1958,126,8.1,None Given,32863,
736,Nebraska,2013,115,7.7,87.0,110246,17.65
737,Notorious,1946,102,7.9,100.0,89928,10.46
738,Patton,1970,172,7.9,91.0,92085,61.7
739,Hedwig and the Angry Inch,2001,95,7.7,85.0,31347,3.03
740,The Chaser,2008,125,7.9,64.0,55758,
741,La Vie En Rose,2007,140,7.6,66.0,81105,10.3
742,Waking Life,2001,99,7.8,82.0,59692,2.89
743,Lady Vengeance,2005,115,7.6,75.0,69825,0.21
744,It Happened One Night,1934,105,8.1,87.0,90814,4.36
745,High and Low,1963,143,8.4,None Given,30513,
746,Ikiru,1952,143,8.3,None Given,64758,0.06
747,Hamlet,1996,242,7.7,None Given,35430,4.41
748,Andrei Rublev,1966,205,8.1,None Given,44359,0.1
749,East of Eden,1955,118,7.9,72.0,39193,
750,Detachment,2011,98,7.7,52.0,74381,0.07
751,Fantasia,1940,125,7.8,96.0,86416,76.41
752,The Lion in Winter,1968,134,7.9,None Given,28322,22.28
753,Raise the Red Lantern,1991,125,8.1,None Given,28517,2.6
754,Who's Afraid of Virginia Woolf?,1966,131,8.0,75.0,67397,
755,Bringing Up Baby,1938,102,7.9,91.0,53650,
756,On Golden Pond,1981,109,7.6,68.0,26866,119.29
757,The 400 Blows,1959,99,8.1,None Given,101130,
758,"South Park: Bigger, Longer & Uncut",1999,81,7.7,73.0,189415,52.01
759,The Message,1976,177,8.2,None Given,42670,
760,The African Queen,1951,105,7.7,91.0,69928,0.54
761,A Christmas Story,1983,94,7.9,77.0,127497,20.61
762,Judgment at Nuremberg,1961,179,8.2,60.0,66884,
763,City Lights,1931,87,8.5,99.0,161393,0.02
764,The Hurricane,1999,146,7.6,74.0,89848,50.67
765,Children of Heaven,1997,89,8.3,None Given,61644,0.93
766,All About My Mother,1999,101,7.8,87.0,86587,8.26
767,Shadow of a Doubt,1943,108,7.8,94.0,57662,
768,The Rules of the Game,1939,110,8.0,None Given,25957,
769,Short Cuts,1993,188,7.7,79.0,41417,6.11
770,Once,2007,86,7.8,88.0,108791,9.44
771,Bajrangi Bhaijaan,2015,163,8.0,None Given,69374,8.18
772,Sholay,1975,162,8.2,None Given,49928,
773,Gully Boy,2019,153,8.1,65.0,28715,5.57
774,Ninja Scroll,1993,94,7.9,None Given,33657,
775,Repulsion,1965,105,7.7,91.0,47390,
776,The Manchurian Candidate,1962,126,7.9,94.0,69969,
777,Touch of Evil,1958,95,8.0,99.0,96492,2.24
778,OMG: Oh My God!,2012,125,8.1,None Given,49275,0.92
779,The Best Years of Our Lives,1946,170,8.0,93.0,56051,23.65
780,The Quiet Man,1952,129,7.7,None Given,33704,10.55
781,Zulu,1964,138,7.7,77.0,35017,
782,Amarcord,1973,123,7.9,None Given,38601,
783,A Man for All Seasons,1966,120,7.7,72.0,30343,28.35
784,The Double Life of Véronique,1991,98,7.8,86.0,40099,2.0
785,Swades,2004,189,8.2,None Given,80451,1.22
786,Badhaai Ho,2018,124,8.0,None Given,25901,
787,A Man Called Ove,2015,116,7.7,70.0,44561,3.36
788,Perfect Strangers,2016,96,7.8,None Given,53932,
789,Frankenstein,1931,70,7.8,91.0,63000,
790,"Spring, Summer, Fall, Winter... and Spring",2003,103,8.0,85.0,75241,2.38
791,The Virgin Spring,1960,89,8.1,None Given,25759,1.53
792,Thank You for Smoking,2005,92,7.6,71.0,210821,24.79
793,Volver,2006,121,7.6,84.0,92728,12.9
794,Infernal Affairs,2002,101,8.0,75.0,116028,0.17
795,The Day the Earth Stood Still,1951,92,7.7,None Given,75158,
796,Open Your Eyes,1997,117,7.8,None Given,62605,0.37
797,Lagaan: Once Upon a Time in India,2001,224,8.1,84.0,101769,0.07
798,Sympathy for Mr. Vengeance,2002,129,7.6,56.0,60682,0.05
799,The Battle of Algiers,1966,121,8.1,96.0,50650,0.06
800,The Hustler,1961,134,8.0,90.0,73734,8.28
801,Cries & Whispers,1972,91,8.1,None Given,28914,1.74
802,The Motorcycle Diaries,2004,126,7.8,75.0,95072,16.76
803,Delicatessen,1991,99,7.6,66.0,78842,1.79
804,Dead Man's Shoes,2004,90,7.6,52.0,48390,0.01
805,Tokyo Story,1953,136,8.2,None Given,49843,
806,All Quiet on the Western Front,1930,152,8.0,91.0,56093,3.27
807,Good Bye Lenin!,2003,121,7.7,68.0,135262,4.06
808,Talk to Her,2002,112,7.9,86.0,102361,9.28
809,Uri: The Surgical Strike,2019,138,8.3,None Given,40431,4.19
810,The Taking of Pelham One Two Three,1974,104,7.7,68.0,25574,
811,The Diving Bell and the Butterfly,2007,112,8.0,92.0,101729,5.99
812,The White Ribbon,2009,144,7.8,82.0,67044,2.22
813,The Little Prince,2015,108,7.7,70.0,54710,1.34
814,The Cabinet of Dr. Caligari,1920,67,8.1,None Given,55192,
815,A Prophet,2009,155,7.9,90.0,91756,2.08
816,A Very Long Engagement,2004,133,7.6,76.0,70050,6.17
817,3-Iron,2004,88,8.0,72.0,48397,0.24
818,Rififi,1955,118,8.2,97.0,25828,0.06
819,Song of the Sea,2014,93,8.1,85.0,48835,0.86
820,The Man Who Would Be King,1975,129,7.8,91.0,42959,
821,The Conformist,1970,113,8.0,100.0,25852,0.54
822,The Lunchbox,2013,104,7.8,76.0,48421,4.23
823,Laura,1944,88,8.0,None Given,41410,4.36
824,5 Centimeters Per Second,2007,63,7.6,None Given,48817,
825,Invasion of the Body Snatchers,1956,80,7.7,92.0,43650,
826,His Girl Friday,1940,92,7.9,None Given,51964,0.3
827,Control,2007,122,7.7,78.0,60494,0.87
828,Rang De Basanti,2006,167,8.2,None Given,108144,2.2
829,Night on Earth,1991,129,7.8,68.0,53757,2.02
830,Elite Squad,2007,115,8.1,33.0,96157,0.01
831,Underground,1995,167,8.1,None Given,53975,0.17
832,Loveless,2017,127,7.6,86.0,28086,0.57
833,Only Yesterday,1991,118,7.6,90.0,25024,0.45
834,The Vanishing,1988,107,7.7,None Given,32785,
835,Three Colors: White,1994,92,7.6,88.0,61377,1.46
836,Mr. Smith Goes to Washington,1939,129,8.1,73.0,104010,9.6
837,Gilda,1946,110,7.7,None Given,26973,
838,Philomena,2013,98,7.6,77.0,92502,37.71
839,The Invisible Man,1933,71,7.7,87.0,29100,
840,The Salesman,2016,124,7.8,85.0,48135,2.4
841,Eyes Without a Face,1960,90,7.7,90.0,25957,0.05
842,A Hard Day's Night,1964,87,7.6,96.0,39187,13.78
843,Udaan,2010,134,8.2,None Given,41303,0.01
844,Sanjuro,1962,96,8.1,None Given,31085,
845,Leviathan,2014,140,7.6,92.0,47689,1.09
846,Kal ho naa ho,2003,186,8.0,54.0,61580,1.79
847,To Be or Not to Be,1942,99,8.2,86.0,26890,
848,Wait Until Dark,1967,108,7.8,81.0,26995,17.55
849,My Name Is Khan,2010,165,8.0,50.0,96139,4.02
850,Secrets & Lies,1996,136,8.0,91.0,36059,13.42
851,The Red Shoes,1948,135,8.1,None Given,29631,10.9
852,The Visitor,2007,104,7.6,79.0,41102,9.42
853,Once Were Warriors,1994,102,7.9,77.0,30805,2.2
854,The Exterminating Angel,1962,95,8.1,None Given,28522,
855,The Wages of Fear,1953,131,8.1,85.0,52548,
856,La Strada,1954,108,8.0,None Given,56617,
857,Special 26,2013,144,8.0,None Given,49181,1.08
858,The Lady Vanishes,1938,96,7.8,None Given,45857,
859,The Broken Circle Breakdown,2012,111,7.8,70.0,38496,0.18
860,Ivan's Childhood,1962,84,8.1,None Given,29933,
861,Winter Sleep,2014,196,8.1,88.0,43565,0.17
862,The Bandit,1996,128,8.3,None Given,61372,
863,Anand,1971,122,8.5,None Given,27425,
864,The Wave,2008,107,7.6,None Given,100234,
865,Out of the Past,1947,97,8.0,None Given,31539,
866,Shine,1996,105,7.7,87.0,50366,35.81
867,Bride of Frankenstein,1935,75,7.8,95.0,41965,4.36
868,The Innocents,1961,100,7.8,88.0,25744,2.62
869,The World's Fastest Indian,2005,127,7.8,68.0,51026,5.13
870,"I, Daniel Blake",2016,100,7.9,78.0,51098,0.26
871,Ayla: The Daughter of War,2017,125,8.5,None Given,31922,
872,Arsenic and Old Lace,1944,118,8.0,None Given,63905,
873,Kokuhaku,2010,106,7.8,None Given,34649,
874,Sleuth,1972,138,8.0,None Given,43926,4.08
875,Pink,2016,136,8.1,None Given,37126,1.24
876,Love Me If You Dare,2003,93,7.6,45.0,66147,0.55
877,Stalag 17,1953,120,8.0,84.0,50149,
878,In a Better World,2010,118,7.6,65.0,37887,1.01
879,The Celebration,1998,105,8.0,82.0,76179,1.65
880,Lilya 4-Ever,2002,109,7.8,82.0,41629,0.18
881,Hard Boiled,1992,128,7.8,None Given,45718,
882,Once Upon a Time in Anatolia,2011,157,7.9,82.0,39604,0.14
883,The Thin Man,1934,91,8.0,None Given,25627,
884,Kahaani,2012,122,8.1,None Given,55977,1.04
885,In a Lonely Place,1950,94,8.0,None Given,25081,
886,Talvar,2015,132,8.2,None Given,29482,0.34
887,Wolf Children,2012,117,8.1,71.0,36799,
888,The Odd Couple,1968,105,7.7,86.0,30711,44.53
889,Lupin the 3rd: Castle of Cagliostro,1979,102,7.7,71.0,25688,
890,"4 Months, 3 Weeks and 2 Days",2007,113,7.9,97.0,55244,1.19
891,Dil Chahta Hai,2001,183,8.1,None Given,65028,0.3
892,Key Largo,1948,100,7.8,None Given,36139,
893,My Father and My Son,2005,112,8.3,None Given,75584,
894,Mustang,2015,97,7.6,83.0,34332,0.85
895,Persepolis,2007,96,8.0,90.0,86663,4.45
896,To Have and Have Not,1944,100,7.8,None Given,30085,
897,The Sea Inside,2004,126,8.0,74.0,76011,2.09
898,The Girl Who Leapt Through Time,2006,98,7.8,None Given,58158,
899,Fearless,2006,104,7.6,70.0,71874,24.63
900,Down by Law,1986,107,7.8,75.0,46644,1.44
901,Peeping Tom,1960,101,7.7,None Given,29819,0.08
902,Dilwale Dulhania Le Jayenge,1995,181,8.1,None Given,61523,
903,After the Wedding,2006,120,7.7,78.0,31160,0.41
904,Diabolique,1955,117,8.0,None Given,60086,
905,Sweet Smell of Success,1957,96,8.1,100.0,27061,
906,The Return,2003,110,8.0,82.0,41114,0.5
907,The Passion of Joan of Arc,1928,114,8.1,None Given,45422,0.02
908,The Station Agent,2003,89,7.6,81.0,66407,5.74
909,About Elly,2009,119,8.0,87.0,43195,0.11
910,Nights of Cabiria,1957,110,8.1,None Given,41635,0.75
911,My Sassy Girl,2001,137,8.0,None Given,44484,
912,Baby,2015,159,8.0,None Given,51382,
913,Il Postino,1994,108,7.7,81.0,32678,21.85
914,Cowboy Bebop: The Movie,2001,115,7.9,61.0,41756,1.0
915,Inherit the Wind,1960,128,8.1,75.0,26487,
916,Crimes and Misdemeanors,1989,104,7.9,77.0,53313,18.25
917,Sunrise,1927,94,8.1,None Given,45850,0.54
918,Death Note,2006,126,7.7,None Given,28104,
919,The Gold Rush,1925,95,8.2,None Given,96667,5.45
920,Hera Pheri,2000,156,8.2,None Given,54197,
921,Head-On,2004,121,7.9,78.0,49868,
922,Vivre Sa Vie,1962,85,8.0,None Given,26437,
923,The General,1926,67,8.1,None Given,78216,1.03
924,A Wednesday,2008,104,8.1,None Given,72172,
925,The Discreet Charm of the Bourgeoisie,1972,102,7.9,93.0,37108,0.2
926,L'Avventura,1960,144,7.9,None Given,25460,
927,Baahubali 2: The Conclusion,2017,167,8.2,None Given,71848,20.19
928,Evil,2003,113,7.8,61.0,35007,0.02
929,Ace in the Hole,1951,111,8.1,72.0,30249,3.97
930,Interstate 60: Episodes of the Road,2002,116,7.7,None Given,29249,
931,Chak de! India,2007,153,8.2,68.0,71713,1.11
932,The Experiment,2001,120,7.7,60.0,89780,0.14
933,Lifeboat,1944,97,7.6,78.0,25715,
934,Au Revoir les Enfants,1987,104,8.0,88.0,30279,4.54
935,Haider,2014,160,8.1,None Given,48994,0.9
936,"Black Cat, White Cat",1998,127,8.1,73.0,49656,0.35
937,No Man's Land,2001,98,7.9,84.0,43834,1.06
938,A Night at the Opera,1935,96,7.9,None Given,29899,2.54
939,Brief Encounter,1945,86,8.0,92.0,34288,
940,The Purple Rose of Cairo,1985,82,7.7,75.0,45891,10.63
941,In America,2002,105,7.7,76.0,39988,15.54
942,Battleship Potemkin,1925,66,8.0,None Given,51534,0.05
943,The Circus,1928,72,8.2,90.0,26521,
944,Barfi!,2012,151,8.1,None Given,73546,2.8
945,Tokyo Godfathers,2003,92,7.8,73.0,29504,0.13
946,Cell 211,2009,113,7.6,None Given,62667,
947,Departures,2008,130,8.1,68.0,47446,1.5
948,Black,2005,122,8.2,None Given,32733,0.73
949,Paan Singh Tomar,2012,135,8.2,None Given,32062,0.04
950,Dev.D,2009,144,8.0,None Given,27995,0.01
951,The Chorus,2004,97,7.9,56.0,55966,3.64
952,Fireworks,1997,103,7.8,None Given,26807,0.23
953,Miracle on 34th Street,1947,96,7.9,88.0,38954,2.65
954,Jules and Jim,1962,105,7.8,97.0,36359,
955,Hiroshima Mon Amour,1959,90,7.9,None Given,27223,0.09
956,The Triplets of Belleville,2003,80,7.8,91.0,49807,7.0
957,White Heat,1949,114,8.1,None Given,28791,
958,Airlift,2016,130,8.0,None Given,51581,
959,Nine Queens,2000,114,7.9,80.0,48569,1.22
960,Elite Squad 2: The Enemy Within,2010,115,8.0,71.0,77949,0.1
961,Vampire Hunter D: Bloodlust,2000,103,7.7,62.0,28442,0.15
962,Veer-Zaara,2004,192,7.8,67.0,47640,2.92
963,The Ladykillers,1955,91,7.7,91.0,25514,
964,The Killer,1989,111,7.8,82.0,44821,
965,The Past,2013,130,7.8,85.0,43919,1.33
966,The Lost Weekend,1945,101,7.9,None Given,32629,9.46
967,The Magdalene Sisters,2002,114,7.7,83.0,25531,4.89
968,Udta Punjab,2016,148,7.8,None Given,25913,
969,Jab We Met,2007,138,7.9,None Given,46064,0.41
970,Joint Security Area,2000,110,7.8,58.0,25403,
971,Munna Bhai M.B.B.S.,2003,156,8.1,None Given,71295,
972,Duck Soup,1933,69,7.8,93.0,54545,
973,The Shop Around the Corner,1940,99,8.1,96.0,26619,0.2
974,La Grande Illusion,1937,113,8.1,None Given,33054,0.17
975,The Secret of Kells,2009,75,7.6,81.0,30266,0.69
976,G.O.R.A.,2004,127,8.0,None Given,54841,
977,Tangerines,2013,87,8.2,73.0,37153,0.14
978,Tae Guk Gi: The Brotherhood of War,2004,140,8.1,64.0,37225,1.11
979,Andaz Apna Apna,1994,160,8.2,None Given,48089,
980,Sherlock Jr.,1924,45,8.2,None Given,39157,0.98
981,Love and Death,1975,85,7.7,89.0,35073,
982,"Carry On, Munna Bhai",2006,144,8.1,None Given,41650,2.22
983,Kind Hearts and Coronets,1949,106,8.0,None Given,33634,
984,Vicky Donor,2012,126,7.8,None Given,38522,0.17
985,Bhaag Milkha Bhaag,2013,186,8.2,None Given,59045,1.63
986,Le Dîner de Cons,1998,80,7.7,73.0,36469,4.07
987,Joyeux Noel,2005,116,7.7,70.0,27052,1.05
988,Central Station,1998,110,8.0,80.0,35195,5.6
989,Adam's Apples,2005,94,7.8,51.0,44298,0.0
990,Zelig,1983,79,7.7,None Given,39023,11.8
991,The Muppet Christmas Carol,1992,85,7.7,64.0,46245,27.28
992,Knockin' on Heaven's Door,1997,87,8.0,None Given,26871,0.0
993,English Vinglish,2012,134,7.8,None Given,32541,1.67
994,Drishyam,2013,160,8.4,None Given,29495,
995,The Edge of Heaven,2007,122,7.8,85.0,30218,0.74
996,C.R.A.Z.Y.,2005,127,7.9,81.0,31128,
997,And Now for Something Completely Different,1971,88,7.6,None Given,28337,
998,The Breath,2009,128,8.0,None Given,31109,
999,Vizontele,2001,110,8.0,None Given,32087,
